{"cameraMode":{"drawMode":0,"name":"Shaded","section":"Shading Mode"},"sceneLighting":true,"audioPlay":false,"sceneViewState":{"m_AlwaysRefresh":false,"showFog":true,"showSkybox":true,"showFlares":true,"showImageEffects":true,"showParticleSystems":true,"showVisualEffectGraphs":true,"m_FxEnabled":true},"in2DMode":false,"pivot":{"x":-11.642123222351075,"y":-2.665555000305176,"z":-50.06161880493164},"rotation":{"x":0.002073480747640133,"y":-0.9954200983047485,"z":0.0943465381860733,"w":0.021163830533623697},"size":31.709619522094728,"orthographic":false}