{"cameraMode":{"drawMode":0,"name":"Shaded","section":"Shading Mode"},"sceneLighting":true,"audioPlay":false,"sceneViewState":{"m_AlwaysRefresh":false,"showFog":true,"showSkybox":true,"showFlares":true,"showImageEffects":true,"showParticleSystems":true,"showVisualEffectGraphs":true,"m_FxEnabled":true},"in2DMode":false,"pivot":{"x":-10.407238960266114,"y":2.385100841522217,"z":0.1606593132019043},"rotation":{"x":0.15611959993839265,"y":-0.2842857241630554,"z":0.047237053513526919,"w":0.9449564218521118},"size":0.8660253882408142,"orthographic":false}