{"cameraMode":{"drawMode":0,"name":"Shaded","section":"Shading Mode"},"sceneLighting":true,"audioPlay":false,"sceneViewState":{"m_AlwaysRefresh":false,"showFog":true,"showSkybox":true,"showFlares":true,"showImageEffects":true,"showParticleSystems":true,"showVisualEffectGraphs":true,"m_FxEnabled":true},"in2DMode":false,"pivot":{"x":-10.291547775268555,"y":3.4575765132904054,"z":9.782224655151368},"rotation":{"x":0.2805228531360626,"y":-0.06444589048624039,"z":0.01891835778951645,"w":0.9575006365776062},"size":0.8660253882408142,"orthographic":false}